model,run_id,speaker,utt_start,utt_end,word,word_start,word_end,confidence
nova-2-video,20251117T020632Z_nova-2-video_conf80,1.0,0.0,4.18,we're,0.0,0.24,0.5645752
nova-2-video,20251117T020632Z_nova-2-video_conf80,1.0,0.0,4.18,good,0.24,0.48,0.96850586
nova-2-video,20251117T020632Z_nova-2-video_conf80,1.0,0.0,4.18,all,0.48,0.88,0.13769531
nova-2-video,20251117T020632Z_nova-2-video_conf80,1.0,0.0,4.18,saturdays,0.88,1.04,0.08972168
nova-2-video,20251117T020632Z_nova-2-video_conf80,1.0,0.0,4.18,are,1.04,1.1999999,0.6040039
nova-2-video,20251117T020632Z_nova-2-video_conf80,1.0,0.0,4.18,in,1.1999999,1.28,0.4736328
nova-2-video,20251117T020632Z_nova-2-video_conf80,1.0,0.0,4.18,the,1.28,1.4399999,0.93359375
nova-2-video,20251117T020632Z_nova-2-video_conf80,1.0,0.0,4.18,police,1.4399999,1.76,0.93359375
nova-2-video,20251117T020632Z_nova-2-video_conf80,1.0,0.0,4.18,department,1.76,2.24,0.9970703
nova-2-video,20251117T020632Z_nova-2-video_conf80,1.0,0.0,4.18,do,2.24,2.32,0.80566406
nova-2-video,20251117T020632Z_nova-2-video_conf80,1.0,0.0,4.18,you,2.32,2.3999999,0.9873047
nova-2-video,20251117T020632Z_nova-2-video_conf80,1.0,0.0,4.18,have,2.3999999,2.48,0.9980469
nova-2-video,20251117T020632Z_nova-2-video_conf80,1.0,0.0,4.18,your,2.48,2.56,0.8173828
nova-2-video,20251117T020632Z_nova-2-video_conf80,1.0,0.0,4.18,license,2.56,2.96,0.7348633
nova-2-video,20251117T020632Z_nova-2-video_conf80,1.0,0.0,4.18,registration,2.96,3.46,0.37145996
nova-2-video,20251117T020632Z_nova-2-video_conf80,1.0,0.0,4.18,no,3.6799998,4.18,0.97924805
nova-2-video,20251117T020632Z_nova-2-video_conf80,0.0,4.7999997,6.42,you,4.7999997,4.88,0.6640625
nova-2-video,20251117T020632Z_nova-2-video_conf80,0.0,4.7999997,6.42,don't,4.88,5.04,0.99902344
nova-2-video,20251117T020632Z_nova-2-video_conf80,0.0,4.7999997,6.42,have,5.04,5.2,1.0
nova-2-video,20251117T020632Z_nova-2-video_conf80,0.0,4.7999997,6.42,your,5.2,5.3599997,0.9921875
nova-2-video,20251117T020632Z_nova-2-video_conf80,0.0,4.7999997,6.42,license,5.3599997,5.52,0.9614258
nova-2-video,20251117T020632Z_nova-2-video_conf80,0.0,4.7999997,6.42,i,5.52,5.6,0.28759766
nova-2-video,20251117T020632Z_nova-2-video_conf80,0.0,4.7999997,6.42,don't,5.6,5.68,0.7727051
nova-2-video,20251117T020632Z_nova-2-video_conf80,0.0,4.7999997,6.42,have,5.68,5.8399997,0.34838867
nova-2-video,20251117T020632Z_nova-2-video_conf80,0.0,4.7999997,6.42,your,5.8399997,5.92,0.71240234
nova-2-video,20251117T020632Z_nova-2-video_conf80,0.0,4.7999997,6.42,license,5.92,6.42,0.8203125
nova-2-video,20251117T020632Z_nova-2-video_conf80,1.0,6.7999997,10.5,alright,6.7999997,7.12,0.95654297
nova-2-video,20251117T020632Z_nova-2-video_conf80,1.0,6.7999997,10.5,okay,7.12,7.44,0.9343262
nova-2-video,20251117T020632Z_nova-2-video_conf80,1.0,6.7999997,10.5,you,7.44,7.6,0.4013672
nova-2-video,20251117T020632Z_nova-2-video_conf80,1.0,6.7999997,10.5,roll,7.6,7.8399997,0.8613281
nova-2-video,20251117T020632Z_nova-2-video_conf80,1.0,6.7999997,10.5,the,7.8399997,7.9199996,0.66748047
nova-2-video,20251117T020632Z_nova-2-video_conf80,1.0,6.7999997,10.5,back,7.9199996,8.16,0.9921875
nova-2-video,20251117T020632Z_nova-2-video_conf80,1.0,6.7999997,10.5,window,8.16,8.48,0.9951172
nova-2-video,20251117T020632Z_nova-2-video_conf80,1.0,6.7999997,10.5,down,8.48,8.639999,0.9970703
nova-2-video,20251117T020632Z_nova-2-video_conf80,1.0,6.7999997,10.5,about,8.639999,8.88,0.9980469
nova-2-video,20251117T020632Z_nova-2-video_conf80,1.0,6.7999997,10.5,halfway,8.88,9.28,0.94140625
nova-2-video,20251117T020632Z_nova-2-video_conf80,1.0,6.7999997,10.5,for,9.28,9.44,0.9921875
nova-2-video,20251117T020632Z_nova-2-video_conf80,1.0,6.7999997,10.5,me,9.44,9.94,0.95043945
nova-2-video,20251117T020632Z_nova-2-video_conf80,1.0,6.7999997,10.5,what,10.0,10.5,0.66552734
nova-2-video,20251117T020632Z_nova-2-video_conf80,1.0,11.759999,12.98,roll,11.759999,12.0,0.8540039
nova-2-video,20251117T020632Z_nova-2-video_conf80,1.0,11.759999,12.98,the,12.0,12.08,0.97998047
nova-2-video,20251117T020632Z_nova-2-video_conf80,1.0,11.759999,12.98,back,12.08,12.24,0.9980469
nova-2-video,20251117T020632Z_nova-2-video_conf80,1.0,11.759999,12.98,one,12.24,12.48,0.984375
nova-2-video,20251117T020632Z_nova-2-video_conf80,1.0,11.759999,12.98,about,12.48,12.98,0.65185547
nova-2-video,20251117T020632Z_nova-2-video_conf80,1.0,14.335,22.915,because,14.335,14.575,0.4453125
nova-2-video,20251117T020632Z_nova-2-video_conf80,1.0,14.335,22.915,the,14.575,14.655,0.9892578
nova-2-video,20251117T020632Z_nova-2-video_conf80,1.0,14.335,22.915,reason,14.655,14.8949995,0.9951172
nova-2-video,20251117T020632Z_nova-2-video_conf80,1.0,14.335,22.915,for,14.8949995,15.055,0.92822266
nova-2-video,20251117T020632Z_nova-2-video_conf80,1.0,14.335,22.915,the,15.055,15.135,0.8886719
nova-2-video,20251117T020632Z_nova-2-video_conf80,1.0,14.335,22.915,stop,15.135,15.375,0.9980469
nova-2-video,20251117T020632Z_nova-2-video_conf80,1.0,14.335,22.915,is,15.375,15.455,0.9980469
nova-2-video,20251117T020632Z_nova-2-video_conf80,1.0,14.335,22.915,your,15.455,15.615,0.9873047
nova-2-video,20251117T020632Z_nova-2-video_conf80,1.0,14.335,22.915,tint,15.615,15.855,0.8076172
nova-2-video,20251117T020632Z_nova-2-video_conf80,1.0,14.335,22.915,your,15.855,16.015,0.984375
nova-2-video,20251117T020632Z_nova-2-video_conf80,1.0,14.335,22.915,front,16.015,16.255,0.9970703
nova-2-video,20251117T020632Z_nova-2-video_conf80,1.0,14.335,22.915,window,16.255,16.575,0.9980469
nova-2-video,20251117T020632Z_nova-2-video_conf80,1.0,14.335,22.915,tint,16.575,16.815,0.9980469
nova-2-video,20251117T020632Z_nova-2-video_conf80,1.0,14.335,22.915,is,16.815,17.055,1.0
nova-2-video,20251117T020632Z_nova-2-video_conf80,1.0,14.335,22.915,illegal,17.055,17.455,0.9980469
nova-2-video,20251117T020632Z_nova-2-video_conf80,1.0,14.335,22.915,and,17.455,17.615,0.6303711
nova-2-video,20251117T020632Z_nova-2-video_conf80,1.0,14.335,22.915,so,17.615,17.775,0.99902344
nova-2-video,20251117T020632Z_nova-2-video_conf80,1.0,14.335,22.915,is,17.775,17.855,0.9941406
nova-2-video,20251117T020632Z_nova-2-video_conf80,1.0,14.335,22.915,this,17.855,18.015,0.99902344
nova-2-video,20251117T020632Z_nova-2-video_conf80,1.0,14.335,22.915,one,18.015,18.515,0.9970703
nova-2-video,20251117T020632Z_nova-2-video_conf80,1.0,14.335,22.915,go,18.735,18.975,0.26879883
nova-2-video,20251117T020632Z_nova-2-video_conf80,1.0,14.335,22.915,for,18.975,19.135,0.31713867
nova-2-video,20251117T020632Z_nova-2-video_conf80,1.0,14.335,22.915,it,19.135,19.375,0.96972656
nova-2-video,20251117T020632Z_nova-2-video_conf80,1.0,14.335,22.915,roll,19.375,19.615,0.98828125
nova-2-video,20251117T020632Z_nova-2-video_conf80,1.0,14.335,22.915,this,19.615,19.775,0.9902344
nova-2-video,20251117T020632Z_nova-2-video_conf80,1.0,14.335,22.915,down,19.775,20.015,0.9980469
nova-2-video,20251117T020632Z_nova-2-video_conf80,1.0,14.335,22.915,about,20.015,20.255,0.9980469
nova-2-video,20251117T020632Z_nova-2-video_conf80,1.0,14.335,22.915,halfway,20.255,20.755,0.99365234
nova-2-video,20251117T020632Z_nova-2-video_conf80,1.0,14.335,22.915,what,20.975,21.475,0.66552734
nova-2-video,20251117T020632Z_nova-2-video_conf80,1.0,14.335,22.915,because,21.535,21.855,0.6333008
nova-2-video,20251117T020632Z_nova-2-video_conf80,1.0,14.335,22.915,i'm,21.855,22.015,0.99853516
nova-2-video,20251117T020632Z_nova-2-video_conf80,1.0,14.335,22.915,telling,22.015,22.255001,1.0
nova-2-video,20251117T020632Z_nova-2-video_conf80,1.0,14.335,22.915,you,22.255001,22.415,0.99902344
nova-2-video,20251117T020632Z_nova-2-video_conf80,1.0,14.335,22.915,to,22.415,22.915,0.94262695
nova-2-video,20251117T020632Z_nova-2-video_conf80,1.0,23.935,25.154999,about,23.935,24.255001,0.7949219
nova-2-video,20251117T020632Z_nova-2-video_conf80,1.0,23.935,25.154999,halfway,24.255001,24.654999,0.9951172
nova-2-video,20251117T020632Z_nova-2-video_conf80,1.0,23.935,25.154999,sir,24.654999,25.154999,0.99609375
nova-2-video,20251117T020632Z_nova-2-video_conf80,1.0,27.3,28.76,it's,27.3,27.460001,0.4822998
nova-2-video,20251117T020632Z_nova-2-video_conf80,1.0,27.3,28.76,halfway,27.460001,27.94,0.7685547
nova-2-video,20251117T020632Z_nova-2-video_conf80,1.0,27.3,28.76,roll,27.94,28.18,0.36816406
nova-2-video,20251117T020632Z_nova-2-video_conf80,1.0,27.3,28.76,it,28.18,28.26,0.8935547
nova-2-video,20251117T020632Z_nova-2-video_conf80,1.0,27.3,28.76,down,28.26,28.76,0.9951172
nova-2-video,20251117T020632Z_nova-2-video_conf80,1.0,30.42,31.24,a,30.42,30.58,0.96777344
nova-2-video,20251117T020632Z_nova-2-video_conf80,1.0,30.42,31.24,little,30.58,30.74,1.0
nova-2-video,20251117T020632Z_nova-2-video_conf80,1.0,30.42,31.24,more,30.74,31.24,0.9970703
nova-2-video,20251117T020632Z_nova-2-video_conf80,0.0,31.7,36.02,there,31.7,32.02,0.69189453
nova-2-video,20251117T020632Z_nova-2-video_conf80,0.0,31.7,36.02,is,32.02,32.1,0.6303711
nova-2-video,20251117T020632Z_nova-2-video_conf80,0.0,31.7,36.02,no,32.1,32.18,0.5683594
nova-2-video,20251117T020632Z_nova-2-video_conf80,0.0,31.7,36.02,you,32.34,32.42,0.47851562
nova-2-video,20251117T020632Z_nova-2-video_conf80,0.0,31.7,36.02,don't,32.42,32.58,0.9519043
nova-2-video,20251117T020632Z_nova-2-video_conf80,0.0,31.7,36.02,got,32.58,32.7,0.50390625
nova-2-video,20251117T020632Z_nova-2-video_conf80,0.0,31.7,36.02,a,32.7,32.82,0.83447266
nova-2-video,20251117T020632Z_nova-2-video_conf80,0.0,31.7,36.02,license,32.82,32.940002,0.90771484
nova-2-video,20251117T020632Z_nova-2-video_conf80,0.0,31.7,36.02,51,33.06,33.72,0.663208
nova-2-video,20251117T020632Z_nova-2-video_conf80,0.0,31.7,36.02,you,33.86,33.94,0.93847656
nova-2-video,20251117T020632Z_nova-2-video_conf80,0.0,31.7,36.02,don't,33.94,34.18,1.0
nova-2-video,20251117T020632Z_nova-2-video_conf80,0.0,31.7,36.02,have,34.18,34.26,0.9980469
nova-2-video,20251117T020632Z_nova-2-video_conf80,0.0,31.7,36.02,a,34.26,34.42,0.9980469
nova-2-video,20251117T020632Z_nova-2-video_conf80,0.0,31.7,36.02,license,34.42,34.82,0.9770508
nova-2-video,20251117T020632Z_nova-2-video_conf80,0.0,31.7,36.02,1480mercy,34.9,36.02,0.7338257
nova-2-video,20251117T020632Z_nova-2-video_conf80,1.0,36.02,37.8,alright,36.02,36.260002,0.9885254
nova-2-video,20251117T020632Z_nova-2-video_conf80,1.0,36.02,37.8,can,36.260002,36.42,0.9970703
nova-2-video,20251117T020632Z_nova-2-video_conf80,1.0,36.02,37.8,you,36.42,36.5,0.98828125
nova-2-video,20251117T020632Z_nova-2-video_conf80,1.0,36.02,37.8,roll,36.5,36.66,0.9921875
nova-2-video,20251117T020632Z_nova-2-video_conf80,1.0,36.02,37.8,this,36.66,36.82,0.87841797
nova-2-video,20251117T020632Z_nova-2-video_conf80,1.0,36.02,37.8,down,36.82,37.059998,0.99902344
nova-2-video,20251117T020632Z_nova-2-video_conf80,1.0,36.02,37.8,a,37.059998,37.14,1.0
nova-2-video,20251117T020632Z_nova-2-video_conf80,1.0,36.02,37.8,little,37.14,37.3,1.0
nova-2-video,20251117T020632Z_nova-2-video_conf80,1.0,36.02,37.8,more,37.3,37.8,0.9951172
nova-2-video,20251117T020632Z_nova-2-video_conf80,1.0,38.435,44.855,roll,38.435,38.595,0.69921875
nova-2-video,20251117T020632Z_nova-2-video_conf80,1.0,38.435,44.855,it,38.595,38.755,0.9165039
nova-2-video,20251117T020632Z_nova-2-video_conf80,1.0,38.435,44.855,down,38.755,39.155,0.9951172
nova-2-video,20251117T020632Z_nova-2-video_conf80,1.0,38.435,44.855,from,39.155,39.555,0.5522461
nova-2-video,20251117T020632Z_nova-2-video_conf80,1.0,38.435,44.855,sir,39.795,39.954998,0.8444824
nova-2-video,20251117T020632Z_nova-2-video_conf80,1.0,38.435,44.855,just,39.954998,40.114998,0.9970703
nova-2-video,20251117T020632Z_nova-2-video_conf80,1.0,38.435,44.855,roll,40.114998,40.274998,0.9980469
nova-2-video,20251117T020632Z_nova-2-video_conf80,1.0,38.435,44.855,the,40.274998,40.355,0.95703125
nova-2-video,20251117T020632Z_nova-2-video_conf80,1.0,38.435,44.855,window,40.355,40.675,0.6401367
nova-2-video,20251117T020632Z_nova-2-video_conf80,1.0,38.435,44.855,down,40.675,40.835,0.8647461
nova-2-video,20251117T020632Z_nova-2-video_conf80,1.0,38.435,44.855,about,40.835,40.915,0.6401367
nova-2-video,20251117T020632Z_nova-2-video_conf80,1.0,38.435,44.855,halfway,40.915,41.415,0.98291016
nova-2-video,20251117T020632Z_nova-2-video_conf80,1.0,38.435,44.855,okay,41.555,41.954998,0.9194336
nova-2-video,20251117T020632Z_nova-2-video_conf80,1.0,38.435,44.855,it's,41.954998,42.195,0.9951172
nova-2-video,20251117T020632Z_nova-2-video_conf80,1.0,38.435,44.855,down,42.195,42.695,0.9975586
nova-2-video,20251117T020632Z_nova-2-video_conf80,1.0,38.435,44.855,sir,42.755,42.915,0.7318115
nova-2-video,20251117T020632Z_nova-2-video_conf80,1.0,38.435,44.855,it's,42.915,43.155,0.9797363
nova-2-video,20251117T020632Z_nova-2-video_conf80,1.0,38.435,44.855,not,43.155,43.235,0.9716797
nova-2-video,20251117T020632Z_nova-2-video_conf80,1.0,38.435,44.855,alright,43.315,43.475,0.9916992
nova-2-video,20251117T020632Z_nova-2-video_conf80,1.0,38.435,44.855,you,43.475,43.635,0.9941406
nova-2-video,20251117T020632Z_nova-2-video_conf80,1.0,38.435,44.855,know,43.635,43.715,0.97998047
nova-2-video,20251117T020632Z_nova-2-video_conf80,1.0,38.435,44.855,what,43.715,44.215,0.8718262
nova-2-video,20251117T020632Z_nova-2-video_conf80,1.0,38.435,44.855,yeah,44.355,44.855,0.73010254
nova-2-video,20251117T020632Z_nova-2-video_conf80,1.0,45.795,50.934998,alright,45.795,46.114998,0.9499512
nova-2-video,20251117T020632Z_nova-2-video_conf80,1.0,45.795,50.934998,yeah,46.114998,46.355,0.99853516
nova-2-video,20251117T020632Z_nova-2-video_conf80,1.0,45.795,50.934998,2%,46.355,46.835,0.98657227
nova-2-video,20251117T020632Z_nova-2-video_conf80,1.0,45.795,50.934998,alright,46.835,46.995,0.99658203
nova-2-video,20251117T020632Z_nova-2-video_conf80,1.0,45.795,50.934998,that's,46.995,47.235,0.9995117
nova-2-video,20251117T020632Z_nova-2-video_conf80,1.0,45.795,50.934998,the,47.235,47.395,0.99609375
nova-2-video,20251117T020632Z_nova-2-video_conf80,1.0,45.795,50.934998,reason,47.395,47.635,0.97265625
nova-2-video,20251117T020632Z_nova-2-video_conf80,1.0,45.795,50.934998,for,47.635,47.795,0.99902344
nova-2-video,20251117T020632Z_nova-2-video_conf80,1.0,45.795,50.934998,the,47.795,47.875,0.8413086
nova-2-video,20251117T020632Z_nova-2-video_conf80,1.0,45.795,50.934998,stock,47.875,48.195,0.9465332
nova-2-video,20251117T020632Z_nova-2-video_conf80,1.0,45.795,50.934998,sir,48.195,48.434998,0.7529297
nova-2-video,20251117T020632Z_nova-2-video_conf80,1.0,45.795,50.934998,your,48.434998,48.595,0.78222656
nova-2-video,20251117T020632Z_nova-2-video_conf80,1.0,45.795,50.934998,last,48.595,48.754997,0.9902344
nova-2-video,20251117T020632Z_nova-2-video_conf80,1.0,45.795,50.934998,teammate,48.754997,49.074997,0.40637207
nova-2-video,20251117T020632Z_nova-2-video_conf80,1.0,45.795,50.934998,you,49.074997,49.155,0.9536133
nova-2-video,20251117T020632Z_nova-2-video_conf80,1.0,45.795,50.934998,have,49.155,49.235,0.77441406
nova-2-video,20251117T020632Z_nova-2-video_conf80,1.0,45.795,50.934998,have,49.315,49.475,0.96533203
nova-2-video,20251117T020632Z_nova-2-video_conf80,1.0,45.795,50.934998,you,49.475,49.555,1.0
nova-2-video,20251117T020632Z_nova-2-video_conf80,1.0,45.795,50.934998,ever,49.555,49.795,0.99316406
nova-2-video,20251117T020632Z_nova-2-video_conf80,1.0,45.795,50.934998,had,49.795,49.875,0.9951172
nova-2-video,20251117T020632Z_nova-2-video_conf80,1.0,45.795,50.934998,a,49.875,49.954998,0.99902344
nova-2-video,20251117T020632Z_nova-2-video_conf80,1.0,45.795,50.934998,license,49.954998,50.275,0.9921875
nova-2-video,20251117T020632Z_nova-2-video_conf80,1.0,45.795,50.934998,out,50.275,50.355,0.9921875
nova-2-video,20251117T020632Z_nova-2-video_conf80,1.0,45.795,50.934998,of,50.355,50.434998,0.9350586
nova-2-video,20251117T020632Z_nova-2-video_conf80,1.0,45.795,50.934998,florida,50.434998,50.934998,0.9995117
nova-2-video,20251117T020632Z_nova-2-video_conf80,0.0,51.480003,51.980003,yeah,51.480003,51.980003,0.9560547
nova-2-video,20251117T020632Z_nova-2-video_conf80,1.0,53.16,53.980003,what's,53.16,53.24,0.6246338
nova-2-video,20251117T020632Z_nova-2-video_conf80,1.0,53.16,53.980003,wrong,53.24,53.480003,0.9296875
nova-2-video,20251117T020632Z_nova-2-video_conf80,1.0,53.16,53.980003,suspended,53.480003,53.980003,0.9866536
nova-2-video,20251117T020632Z_nova-2-video_conf80,1.0,54.440002,57.18,yeah,54.440002,54.760002,0.81689453
nova-2-video,20251117T020632Z_nova-2-video_conf80,1.0,54.440002,57.18,how,54.760002,54.920002,0.92822266
nova-2-video,20251117T020632Z_nova-2-video_conf80,1.0,54.440002,57.18,long,54.920002,55.08,0.99902344
nova-2-video,20251117T020632Z_nova-2-video_conf80,1.0,54.440002,57.18,has,55.08,55.160004,0.8520508
nova-2-video,20251117T020632Z_nova-2-video_conf80,1.0,54.440002,57.18,it,55.160004,55.24,0.85498047
nova-2-video,20251117T020632Z_nova-2-video_conf80,1.0,54.440002,57.18,been,55.24,55.4,0.99902344
nova-2-video,20251117T020632Z_nova-2-video_conf80,1.0,54.440002,57.18,suspended,55.4,55.800003,0.99902344
nova-2-video,20251117T020632Z_nova-2-video_conf80,1.0,54.440002,57.18,for,55.800003,56.280003,0.9970703
nova-2-video,20251117T020632Z_nova-2-video_conf80,1.0,54.440002,57.18,i,56.280003,56.36,0.9941406
nova-2-video,20251117T020632Z_nova-2-video_conf80,1.0,54.440002,57.18,don't,56.36,56.68,0.9995117
nova-2-video,20251117T020632Z_nova-2-video_conf80,1.0,54.440002,57.18,know,56.68,57.18,0.9995117
nova-2-video,20251117T020632Z_nova-2-video_conf80,1.0,57.64,59.18,hey,57.64,58.04,0.94018555
nova-2-video,20251117T020632Z_nova-2-video_conf80,1.0,57.64,59.18,i'm,58.04,58.280003,0.99658203
nova-2-video,20251117T020632Z_nova-2-video_conf80,1.0,57.64,59.18,good,58.280003,58.440002,1.0
nova-2-video,20251117T020632Z_nova-2-video_conf80,1.0,57.64,59.18,here,58.440002,58.68,0.86743164
nova-2-video,20251117T020632Z_nova-2-video_conf80,1.0,57.64,59.18,just,58.68,59.18,0.9819336
nova-2-video,20251117T020632Z_nova-2-video_conf80,0.0,61.64,66.225,man,61.64,61.8,0.48693848
nova-2-video,20251117T020632Z_nova-2-video_conf80,0.0,61.64,66.225,i,61.8,61.96,0.4567871
nova-2-video,20251117T020632Z_nova-2-video_conf80,0.0,61.64,66.225,got,61.96,62.120003,0.9375
nova-2-video,20251117T020632Z_nova-2-video_conf80,0.0,61.64,66.225,it,62.120003,62.36,0.9453125
nova-2-video,20251117T020632Z_nova-2-video_conf80,0.0,61.64,66.225,damn,62.36,62.84,0.74438477
nova-2-video,20251117T020632Z_nova-2-video_conf80,0.0,61.64,66.225,dog,62.84,63.34,0.73742676
nova-2-video,20251117T020632Z_nova-2-video_conf80,0.0,61.64,66.225,i,63.480003,63.64,0.7602539
nova-2-video,20251117T020632Z_nova-2-video_conf80,0.0,61.64,66.225,might,63.64,63.800003,0.8154297
nova-2-video,20251117T020632Z_nova-2-video_conf80,0.0,61.64,66.225,as,63.800003,63.88,0.34765625
nova-2-video,20251117T020632Z_nova-2-video_conf80,0.0,61.64,66.225,well,63.88,64.04,0.8964844
nova-2-video,20251117T020632Z_nova-2-video_conf80,0.0,61.64,66.225,get,64.04,64.200005,0.9375
nova-2-video,20251117T020632Z_nova-2-video_conf80,0.0,61.64,66.225,out,64.200005,64.28,0.9309082
nova-2-video,20251117T020632Z_nova-2-video_conf80,0.0,61.64,66.225,you,64.28,64.44,0.92089844
nova-2-video,20251117T020632Z_nova-2-video_conf80,0.0,61.64,66.225,might,64.44,64.6,0.95410156
nova-2-video,20251117T020632Z_nova-2-video_conf80,0.0,61.64,66.225,as,64.6,64.68,0.90722656
nova-2-video,20251117T020632Z_nova-2-video_conf80,0.0,61.64,66.225,well,64.68,64.76,0.9838867
nova-2-video,20251117T020632Z_nova-2-video_conf80,0.0,61.64,66.225,put,64.76,64.840004,0.3461914
nova-2-video,20251117T020632Z_nova-2-video_conf80,0.0,61.64,66.225,it,64.840004,64.92,0.33764648
nova-2-video,20251117T020632Z_nova-2-video_conf80,0.0,61.64,66.225,in,64.92,65.04,0.34484863
nova-2-video,20251117T020632Z_nova-2-video_conf80,0.0,61.64,66.225,stay,65.16,65.32,0.7211914
nova-2-video,20251117T020632Z_nova-2-video_conf80,0.0,61.64,66.225,in,65.32,65.4,0.9970703
nova-2-video,20251117T020632Z_nova-2-video_conf80,0.0,61.64,66.225,the,65.4,65.48,0.99316406
nova-2-video,20251117T020632Z_nova-2-video_conf80,0.0,61.64,66.225,car,65.48,65.64,0.99902344
nova-2-video,20251117T020632Z_nova-2-video_conf80,0.0,61.64,66.225,for,65.64,65.8,0.9819336
nova-2-video,20251117T020632Z_nova-2-video_conf80,0.0,61.64,66.225,right,65.8,66.225,0.87158203
nova-2-video,20251117T020632Z_nova-2-video_conf80,0.0,67.025,74.965,now,67.025,67.185,0.9160156
nova-2-video,20251117T020632Z_nova-2-video_conf80,0.0,67.025,74.965,you,67.185,67.424995,0.2939453
nova-2-video,20251117T020632Z_nova-2-video_conf80,0.0,67.025,74.965,might,67.424995,67.585,0.97998047
nova-2-video,20251117T020632Z_nova-2-video_conf80,0.0,67.025,74.965,as,67.585,67.744995,0.9980469
nova-2-video,20251117T020632Z_nova-2-video_conf80,0.0,67.025,74.965,well,67.744995,67.905,0.99902344
nova-2-video,20251117T020632Z_nova-2-video_conf80,0.0,67.025,74.965,pull,67.905,68.145,0.9892578
nova-2-video,20251117T020632Z_nova-2-video_conf80,0.0,67.025,74.965,me,68.145,68.305,1.0
nova-2-video,20251117T020632Z_nova-2-video_conf80,0.0,67.025,74.965,out,68.305,68.465,0.99609375
nova-2-video,20251117T020632Z_nova-2-video_conf80,0.0,67.025,74.965,the,68.465,68.625,0.8354492
nova-2-video,20251117T020632Z_nova-2-video_conf80,0.0,67.025,74.965,car,68.625,69.125,0.98291016
nova-2-video,20251117T020632Z_nova-2-video_conf80,0.0,67.025,74.965,big,69.265,69.505,0.77734375
nova-2-video,20251117T020632Z_nova-2-video_conf80,0.0,67.025,74.965,dog,69.505,69.905,0.9729004
nova-2-video,20251117T020632Z_nova-2-video_conf80,0.0,67.025,74.965,i'm,69.905,69.985,0.99072266
nova-2-video,20251117T020632Z_nova-2-video_conf80,0.0,67.025,74.965,gonna,69.985,70.225,0.49804688
nova-2-video,20251117T020632Z_nova-2-video_conf80,0.0,67.025,74.965,cut,70.225,70.384995,0.9941406
nova-2-video,20251117T020632Z_nova-2-video_conf80,0.0,67.025,74.965,the,70.384995,70.545,0.99316406
nova-2-video,20251117T020632Z_nova-2-video_conf80,0.0,67.025,74.965,car,70.545,70.784996,0.65808105
nova-2-video,20251117T020632Z_nova-2-video_conf80,0.0,67.025,74.965,you,70.784996,70.945,0.8925781
nova-2-video,20251117T020632Z_nova-2-video_conf80,0.0,67.025,74.965,can,70.945,71.104996,0.81591797
nova-2-video,20251117T020632Z_nova-2-video_conf80,0.0,67.025,74.965,pull,71.104996,71.265,0.99316406
nova-2-video,20251117T020632Z_nova-2-video_conf80,0.0,67.025,74.965,me,71.265,71.345,1.0
nova-2-video,20251117T020632Z_nova-2-video_conf80,0.0,67.025,74.965,out,71.345,71.585,0.98950195
nova-2-video,20251117T020632Z_nova-2-video_conf80,0.0,67.025,74.965,alright,71.585,71.744995,0.8327637
nova-2-video,20251117T020632Z_nova-2-video_conf80,0.0,67.025,74.965,cut,71.744995,71.985,0.9863281
nova-2-video,20251117T020632Z_nova-2-video_conf80,0.0,67.025,74.965,the,71.985,72.064995,0.9980469
nova-2-video,20251117T020632Z_nova-2-video_conf80,0.0,67.025,74.965,car,72.064995,72.225,0.99902344
nova-2-video,20251117T020632Z_nova-2-video_conf80,0.0,67.025,74.965,up,72.225,72.305,0.7687988
nova-2-video,20251117T020632Z_nova-2-video_conf80,0.0,67.025,74.965,you're,72.305,72.465,0.99121094
nova-2-video,20251117T020632Z_nova-2-video_conf80,0.0,67.025,74.965,gonna,72.465,72.625,0.9951172
nova-2-video,20251117T020632Z_nova-2-video_conf80,0.0,67.025,74.965,stay,72.625,72.784996,1.0
nova-2-video,20251117T020632Z_nova-2-video_conf80,0.0,67.025,74.965,in,72.784996,72.865,0.9970703
nova-2-video,20251117T020632Z_nova-2-video_conf80,0.0,67.025,74.965,the,72.865,72.945,0.9980469
nova-2-video,20251117T020632Z_nova-2-video_conf80,0.0,67.025,74.965,car,72.945,73.104996,0.99902344
nova-2-video,20251117T020632Z_nova-2-video_conf80,0.0,67.025,74.965,for,73.104996,73.265,0.9902344
nova-2-video,20251117T020632Z_nova-2-video_conf80,0.0,67.025,74.965,right,73.265,73.505,1.0
nova-2-video,20251117T020632Z_nova-2-video_conf80,0.0,67.025,74.965,now,73.505,73.825,1.0
nova-2-video,20251117T020632Z_nova-2-video_conf80,0.0,67.025,74.965,what's,73.825,74.145,0.9848633
nova-2-video,20251117T020632Z_nova-2-video_conf80,0.0,67.025,74.965,your,74.145,74.305,0.9980469
nova-2-video,20251117T020632Z_nova-2-video_conf80,0.0,67.025,74.965,first,74.305,74.465,1.0
nova-2-video,20251117T020632Z_nova-2-video_conf80,0.0,67.025,74.965,name,74.465,74.965,0.9995117
nova-2-video,20251117T020632Z_nova-2-video_conf80,1.0,75.665,91.185,man,75.665,75.985,0.96728516
nova-2-video,20251117T020632Z_nova-2-video_conf80,1.0,75.665,91.185,i'm,75.985,76.145,0.99560547
nova-2-video,20251117T020632Z_nova-2-video_conf80,1.0,75.665,91.185,gonna,76.145,76.545,0.6748047
nova-2-video,20251117T020632Z_nova-2-video_conf80,1.0,75.665,91.185,get,76.545,76.865,0.9951172
nova-2-video,20251117T020632Z_nova-2-video_conf80,1.0,75.665,91.185,out,76.865,77.025,0.9863281
nova-2-video,20251117T020632Z_nova-2-video_conf80,1.0,75.665,91.185,the,77.025,77.104996,0.79248047
nova-2-video,20251117T020632Z_nova-2-video_conf80,1.0,75.665,91.185,car,77.104996,77.345,0.99560547
nova-2-video,20251117T020632Z_nova-2-video_conf80,1.0,75.665,91.185,you're,77.345,77.505,0.99658203
nova-2-video,20251117T020632Z_nova-2-video_conf80,1.0,75.665,91.185,gonna,77.505,77.665,0.9970703
nova-2-video,20251117T020632Z_nova-2-video_conf80,1.0,75.665,91.185,stay,77.665,77.825,0.9970703
nova-2-video,20251117T020632Z_nova-2-video_conf80,1.0,75.665,91.185,in,77.825,77.985,0.9951172
nova-2-video,20251117T020632Z_nova-2-video_conf80,1.0,75.665,91.185,the,77.985,78.065,0.9921875
nova-2-video,20251117T020632Z_nova-2-video_conf80,1.0,75.665,91.185,car,78.065,78.165,0.9970703
nova-2-video,20251117T020632Z_nova-2-video_conf80,1.0,75.665,91.185,right,78.165,78.265,0.7363281
nova-2-video,20251117T020632Z_nova-2-video_conf80,1.0,75.665,91.185,now,78.265,78.365,0.95947266
nova-2-video,20251117T020632Z_nova-2-video_conf80,1.0,75.665,91.185,i'm,78.365,78.465,0.9140625
nova-2-video,20251117T020632Z_nova-2-video_conf80,1.0,75.665,91.185,gonna,78.465,78.705,0.9394531
nova-2-video,20251117T020632Z_nova-2-video_conf80,1.0,75.665,91.185,get,78.705,78.99,0.9633789
nova-2-video,20251117T020632Z_nova-2-video_conf80,1.0,75.665,91.185,out,78.99,79.18669,0.96777344
nova-2-video,20251117T020632Z_nova-2-video_conf80,1.0,75.665,91.185,the,79.18669,79.383385,0.7993164
nova-2-video,20251117T020632Z_nova-2-video_conf80,1.0,75.665,91.185,car,79.383385,79.58008,0.99560547
nova-2-video,20251117T020632Z_nova-2-video_conf80,1.0,75.665,91.185,you,79.58008,79.77677,0.95703125
nova-2-video,20251117T020632Z_nova-2-video_conf80,1.0,75.665,91.185,you,79.77677,79.973465,0.87597656
nova-2-video,20251117T020632Z_nova-2-video_conf80,1.0,75.665,91.185,were,79.973465,80.17016,0.6191406
nova-2-video,20251117T020632Z_nova-2-video_conf80,1.0,75.665,91.185,gonna,80.17016,80.36685,0.9902344
nova-2-video,20251117T020632Z_nova-2-video_conf80,1.0,75.665,91.185,do,80.36685,80.563545,0.9970703
nova-2-video,20251117T020632Z_nova-2-video_conf80,1.0,75.665,91.185,what,80.563545,80.76024,0.9951172
nova-2-video,20251117T020632Z_nova-2-video_conf80,1.0,75.665,91.185,i,80.76024,80.95693,0.99902344
nova-2-video,20251117T020632Z_nova-2-video_conf80,1.0,75.665,91.185,tell,80.95693,81.153625,0.9086914
nova-2-video,20251117T020632Z_nova-2-video_conf80,1.0,75.665,91.185,you,81.153625,81.35032,1.0
nova-2-video,20251117T020632Z_nova-2-video_conf80,1.0,75.665,91.185,to,81.35032,81.54701,0.9980469
nova-2-video,20251117T020632Z_nova-2-video_conf80,1.0,75.665,91.185,do,81.54701,81.743706,1.0
nova-2-video,20251117T020632Z_nova-2-video_conf80,1.0,75.665,91.185,right,81.743706,81.9404,0.99902344
nova-2-video,20251117T020632Z_nova-2-video_conf80,1.0,75.665,91.185,now,81.9404,82.13709,0.92749023
nova-2-video,20251117T020632Z_nova-2-video_conf80,1.0,75.665,91.185,that's,82.13709,82.333786,0.7409668
nova-2-video,20251117T020632Z_nova-2-video_conf80,1.0,75.665,91.185,how,82.333786,82.53048,0.984375
nova-2-video,20251117T020632Z_nova-2-video_conf80,1.0,75.665,91.185,this,82.53048,82.72717,0.9980469
nova-2-video,20251117T020632Z_nova-2-video_conf80,1.0,75.665,91.185,works,82.72717,82.92387,0.9812012
nova-2-video,20251117T020632Z_nova-2-video_conf80,1.0,75.665,91.185,okay,82.92387,83.12056,0.97509766
nova-2-video,20251117T020632Z_nova-2-video_conf80,1.0,75.665,91.185,so,83.12056,83.31725,0.9921875
nova-2-video,20251117T020632Z_nova-2-video_conf80,1.0,75.665,91.185,i'm,83.31725,83.51395,0.99121094
nova-2-video,20251117T020632Z_nova-2-video_conf80,1.0,75.665,91.185,finna,83.51395,83.71064,0.9975586
nova-2-video,20251117T020632Z_nova-2-video_conf80,1.0,75.665,91.185,get,83.71064,83.90733,0.9970703
nova-2-video,20251117T020632Z_nova-2-video_conf80,1.0,75.665,91.185,out,83.90733,84.10403,0.97802734
nova-2-video,20251117T020632Z_nova-2-video_conf80,1.0,75.665,91.185,the,84.10403,84.30072,0.72216797
nova-2-video,20251117T020632Z_nova-2-video_conf80,1.0,75.665,91.185,car,84.30072,84.49741,0.96875
nova-2-video,20251117T020632Z_nova-2-video_conf80,1.0,75.665,91.185,so,84.49741,84.69411,0.60253906
nova-2-video,20251117T020632Z_nova-2-video_conf80,1.0,75.665,91.185,you,84.69411,84.89081,0.9375
nova-2-video,20251117T020632Z_nova-2-video_conf80,1.0,75.665,91.185,see,84.89081,85.087494,0.8432617
nova-2-video,20251117T020632Z_nova-2-video_conf80,1.0,75.665,91.185,i,85.087494,85.284195,0.28100586
nova-2-video,20251117T020632Z_nova-2-video_conf80,1.0,75.665,91.185,can,85.284195,85.48088,0.35546875
nova-2-video,20251117T020632Z_nova-2-video_conf80,1.0,75.665,91.185,walk,85.48088,85.67758,0.14086914
nova-2-video,20251117T020632Z_nova-2-video_conf80,1.0,75.665,91.185,out,85.67758,85.874275,0.25360107
nova-2-video,20251117T020632Z_nova-2-video_conf80,1.0,75.665,91.185,car,86.07097,86.26766,0.27001953
nova-2-video,20251117T020632Z_nova-2-video_conf80,1.0,75.665,91.185,right,86.26766,86.464355,0.99121094
nova-2-video,20251117T020632Z_nova-2-video_conf80,1.0,75.665,91.185,now,86.464355,86.66105,0.97094727
nova-2-video,20251117T020632Z_nova-2-video_conf80,1.0,75.665,91.185,you're,86.66105,86.85774,0.62280273
nova-2-video,20251117T020632Z_nova-2-video_conf80,1.0,75.665,91.185,gonna,86.85774,87.054436,0.9453125
nova-2-video,20251117T020632Z_nova-2-video_conf80,1.0,75.665,91.185,tell,87.054436,87.25113,0.9951172
nova-2-video,20251117T020632Z_nova-2-video_conf80,1.0,75.665,91.185,me,87.25113,87.44782,0.99609375
nova-2-video,20251117T020632Z_nova-2-video_conf80,1.0,75.665,91.185,your,87.44782,87.644516,0.99316406
nova-2-video,20251117T020632Z_nova-2-video_conf80,1.0,75.665,91.185,name,87.644516,87.84121,0.99902344
nova-2-video,20251117T020632Z_nova-2-video_conf80,1.0,75.665,91.185,is,87.84121,88.0379,0.8388672
nova-2-video,20251117T020632Z_nova-2-video_conf80,1.0,75.665,91.185,what's,88.0379,88.2346,0.954834
nova-2-video,20251117T020632Z_nova-2-video_conf80,1.0,75.665,91.185,gonna,88.2346,88.43129,0.9350586
nova-2-video,20251117T020632Z_nova-2-video_conf80,1.0,75.665,91.185,happen,88.43129,88.62798,0.72509766
nova-2-video,20251117T020632Z_nova-2-video_conf80,1.0,75.665,91.185,okay,88.62798,88.82468,0.80322266
nova-2-video,20251117T020632Z_nova-2-video_conf80,1.0,75.665,91.185,just,88.82468,89.02137,0.98828125
nova-2-video,20251117T020632Z_nova-2-video_conf80,1.0,75.665,91.185,pull,89.02137,89.21806,0.99121094
nova-2-video,20251117T020632Z_nova-2-video_conf80,1.0,75.665,91.185,me,89.21806,89.41476,0.99902344
nova-2-video,20251117T020632Z_nova-2-video_conf80,1.0,75.665,91.185,out,89.41476,89.61145,1.0
nova-2-video,20251117T020632Z_nova-2-video_conf80,1.0,75.665,91.185,of,89.61145,89.80814,0.99121094
nova-2-video,20251117T020632Z_nova-2-video_conf80,1.0,75.665,91.185,the,89.80814,90.00484,0.9970703
nova-2-video,20251117T020632Z_nova-2-video_conf80,1.0,75.665,91.185,car,90.00484,90.20153,0.9855957
nova-2-video,20251117T020632Z_nova-2-video_conf80,1.0,75.665,91.185,what,90.20153,90.398224,0.78027344
nova-2-video,20251117T020632Z_nova-2-video_conf80,1.0,75.665,91.185,is,90.398224,90.59492,0.4880371
nova-2-video,20251117T020632Z_nova-2-video_conf80,1.0,75.665,91.185,your,90.59492,90.79161,0.9951172
nova-2-video,20251117T020632Z_nova-2-video_conf80,1.0,75.665,91.185,first,90.79161,90.988304,0.9970703
nova-2-video,20251117T020632Z_nova-2-video_conf80,1.0,75.665,91.185,name,90.988304,91.185,0.99658203
nova-2-video,20251117T020632Z_nova-2-video_conf80,1.0,92.225,93.524994,what,92.225,92.465,0.8984375
nova-2-video,20251117T020632Z_nova-2-video_conf80,1.0,92.225,93.524994,is,92.465,92.704994,0.99902344
nova-2-video,20251117T020632Z_nova-2-video_conf80,1.0,92.225,93.524994,your,92.704994,92.865,0.9970703
nova-2-video,20251117T020632Z_nova-2-video_conf80,1.0,92.225,93.524994,first,92.865,93.024994,0.9941406
nova-2-video,20251117T020632Z_nova-2-video_conf80,1.0,92.225,93.524994,name,93.024994,93.524994,0.99121094
nova-2-video,20251117T020632Z_nova-2-video_conf80,1.0,103.61,109.47,alright,103.61,103.77,0.967041
nova-2-video,20251117T020632Z_nova-2-video_conf80,1.0,103.61,109.47,so,103.77,103.93,0.96875
nova-2-video,20251117T020632Z_nova-2-video_conf80,1.0,103.61,109.47,what's,103.93,104.01,0.9733887
nova-2-video,20251117T020632Z_nova-2-video_conf80,1.0,103.61,109.47,your,104.01,104.33,0.9921875
nova-2-video,20251117T020632Z_nova-2-video_conf80,1.0,103.61,109.47,first,104.33,104.49,0.9941406
nova-2-video,20251117T020632Z_nova-2-video_conf80,1.0,103.61,109.47,name,104.49,104.81,0.9916992
nova-2-video,20251117T020632Z_nova-2-video_conf80,1.0,103.61,109.47,i,104.81,105.13,0.8798828
nova-2-video,20251117T020632Z_nova-2-video_conf80,1.0,103.61,109.47,still,105.13,105.29,0.9902344
nova-2-video,20251117T020632Z_nova-2-video_conf80,1.0,103.61,109.47,need,105.29,105.45,0.99609375
nova-2-video,20251117T020632Z_nova-2-video_conf80,1.0,103.61,109.47,to,105.45,105.53,0.98828125
nova-2-video,20251117T020632Z_nova-2-video_conf80,1.0,103.61,109.47,know,105.53,105.69,1.0
nova-2-video,20251117T020632Z_nova-2-video_conf80,1.0,103.61,109.47,your,105.69,105.77,0.9980469
nova-2-video,20251117T020632Z_nova-2-video_conf80,1.0,103.61,109.47,first,105.77,106.01,0.9980469
nova-2-video,20251117T020632Z_nova-2-video_conf80,1.0,103.61,109.47,name,106.01,106.17,0.9980469
nova-2-video,20251117T020632Z_nova-2-video_conf80,1.0,103.61,109.47,regardless,106.17,106.67,0.9328613
nova-2-video,20251117T020632Z_nova-2-video_conf80,1.0,103.61,109.47,aaron,106.729996,107.21,0.41625977
nova-2-video,20251117T020632Z_nova-2-video_conf80,1.0,103.61,109.47,brown,107.21,107.53,0.9880371
nova-2-video,20251117T020632Z_nova-2-video_conf80,1.0,103.61,109.47,that's,107.53,107.77,0.98657227
nova-2-video,20251117T020632Z_nova-2-video_conf80,1.0,103.61,109.47,my,107.77,107.93,0.99902344
nova-2-video,20251117T020632Z_nova-2-video_conf80,1.0,103.61,109.47,name,107.93,108.43,0.99902344
nova-2-video,20251117T020632Z_nova-2-video_conf80,1.0,103.61,109.47,what's,108.57,108.81,0.9995117
nova-2-video,20251117T020632Z_nova-2-video_conf80,1.0,103.61,109.47,your,108.81,108.97,0.99902344
nova-2-video,20251117T020632Z_nova-2-video_conf80,1.0,103.61,109.47,birthday,108.97,109.47,0.99902344
nova-2-video,20251117T020632Z_nova-2-video_conf80,0.0,109.85,111.049995,07/09/1991,109.85,111.049995,0.99365234
nova-2-video,20251117T020632Z_nova-2-video_conf80,1.0,111.049995,112.11,what's,111.049995,111.21,0.99902344
nova-2-video,20251117T020632Z_nova-2-video_conf80,1.0,111.049995,112.11,your,111.21,111.369995,0.99902344
nova-2-video,20251117T020632Z_nova-2-video_conf80,1.0,111.049995,112.11,middle,111.369995,111.61,0.9980469
nova-2-video,20251117T020632Z_nova-2-video_conf80,1.0,111.049995,112.11,name,111.61,112.11,0.9995117
nova-2-video,20251117T020632Z_nova-2-video_conf80,0.0,113.69,117.555,michael,113.69,114.19,0.546875
nova-2-video,20251117T020632Z_nova-2-video_conf80,0.0,113.69,117.555,m,114.25,114.75,0.9658203
nova-2-video,20251117T020632Z_nova-2-video_conf80,0.0,113.69,117.555,what,115.049995,115.29,0.9980469
nova-2-video,20251117T020632Z_nova-2-video_conf80,0.0,113.69,117.555,is,115.29,115.45,0.99316406
nova-2-video,20251117T020632Z_nova-2-video_conf80,0.0,113.69,117.555,it,115.45,115.85,1.0
nova-2-video,20251117T020632Z_nova-2-video_conf80,0.0,113.69,117.555,michael,115.85,116.35,0.78515625
nova-2-video,20251117T020632Z_nova-2-video_conf80,0.0,113.69,117.555,m,116.409996,116.81,0.9873047
nova-2-video,20251117T020632Z_nova-2-video_conf80,0.0,113.69,117.555,m,116.81,117.13,0.5439453
nova-2-video,20251117T020632Z_nova-2-video_conf80,0.0,113.69,117.555,m,117.13,117.555,0.74365234
nova-2-video,20251117T020632Z_nova-2-video_conf80,1.0,118.115,119.015,alright,118.115,118.515,0.9812012
nova-2-video,20251117T020632Z_nova-2-video_conf80,1.0,118.115,119.015,listen,118.515,119.015,0.9562988
nova-2-video,20251117T020632Z_nova-2-video_conf80,1.0,119.475,129.495,this,119.475,119.595,0.6699219
nova-2-video,20251117T020632Z_nova-2-video_conf80,1.0,119.475,129.495,is,119.595,119.715,0.97998047
nova-2-video,20251117T020632Z_nova-2-video_conf80,1.0,119.475,129.495,what's,119.715,119.875,0.9291992
nova-2-video,20251117T020632Z_nova-2-video_conf80,1.0,119.475,129.495,gonna,119.875,120.115,0.97314453
nova-2-video,20251117T020632Z_nova-2-video_conf80,1.0,119.475,129.495,happen,120.115,120.435,0.9885254
nova-2-video,20251117T020632Z_nova-2-video_conf80,1.0,119.475,129.495,you're,120.435,120.595,0.99316406
nova-2-video,20251117T020632Z_nova-2-video_conf80,1.0,119.475,129.495,gonna,120.595,120.755,0.9921875
nova-2-video,20251117T020632Z_nova-2-video_conf80,1.0,119.475,129.495,put,120.755,120.915,0.99609375
nova-2-video,20251117T020632Z_nova-2-video_conf80,1.0,119.475,129.495,your,120.915,120.995,0.9970703
nova-2-video,20251117T020632Z_nova-2-video_conf80,1.0,119.475,129.495,hands,120.995,121.155,0.9980469
nova-2-video,20251117T020632Z_nova-2-video_conf80,1.0,119.475,129.495,on,121.155,121.315,1.0
nova-2-video,20251117T020632Z_nova-2-video_conf80,1.0,119.475,129.495,the,121.315,121.395,0.5810547
nova-2-video,20251117T020632Z_nova-2-video_conf80,1.0,119.475,129.495,steering,121.395,121.635,0.99902344
nova-2-video,20251117T020632Z_nova-2-video_conf80,1.0,119.475,129.495,wheel,121.635,122.135,0.8742676
nova-2-video,20251117T020632Z_nova-2-video_conf80,1.0,119.475,129.495,i'm,122.275,122.435,1.0
nova-2-video,20251117T020632Z_nova-2-video_conf80,1.0,119.475,129.495,gonna,122.435,122.675,0.984375
nova-2-video,20251117T020632Z_nova-2-video_conf80,1.0,119.475,129.495,open,122.675,122.915,0.99902344
nova-2-video,20251117T020632Z_nova-2-video_conf80,1.0,119.475,129.495,the,122.915,123.075,0.9970703
nova-2-video,20251117T020632Z_nova-2-video_conf80,1.0,119.475,129.495,door,123.075,123.475,0.9753418
nova-2-video,20251117T020632Z_nova-2-video_conf80,1.0,119.475,129.495,i'm,123.475,123.635,1.0
nova-2-video,20251117T020632Z_nova-2-video_conf80,1.0,119.475,129.495,gonna,123.635,123.875,0.9902344
nova-2-video,20251117T020632Z_nova-2-video_conf80,1.0,119.475,129.495,have,123.875,124.035,1.0
nova-2-video,20251117T020632Z_nova-2-video_conf80,1.0,119.475,129.495,you,124.035,124.195,1.0
nova-2-video,20251117T020632Z_nova-2-video_conf80,1.0,119.475,129.495,step,124.195,124.515,1.0
nova-2-video,20251117T020632Z_nova-2-video_conf80,1.0,119.475,129.495,out,124.515,124.995,0.99902344
nova-2-video,20251117T020632Z_nova-2-video_conf80,1.0,119.475,129.495,you,124.995,125.155,0.9658203
nova-2-video,20251117T020632Z_nova-2-video_conf80,1.0,119.475,129.495,pull,125.155,125.395,0.99902344
nova-2-video,20251117T020632Z_nova-2-video_conf80,1.0,119.475,129.495,away,125.395,125.715,1.0
nova-2-video,20251117T020632Z_nova-2-video_conf80,1.0,119.475,129.495,from,125.715,125.875,0.99902344
nova-2-video,20251117T020632Z_nova-2-video_conf80,1.0,119.475,129.495,me,125.875,126.195,0.75024414
nova-2-video,20251117T020632Z_nova-2-video_conf80,1.0,119.475,129.495,anything,126.195,126.595,0.9819336
nova-2-video,20251117T020632Z_nova-2-video_conf80,1.0,119.475,129.495,like,126.595,126.755,0.99902344
nova-2-video,20251117T020632Z_nova-2-video_conf80,1.0,119.475,129.495,that,126.755,127.155,0.79248047
nova-2-video,20251117T020632Z_nova-2-video_conf80,1.0,119.475,129.495,that,127.155,127.315,0.99902344
nova-2-video,20251117T020632Z_nova-2-video_conf80,1.0,119.475,129.495,is,127.315,127.475,0.99902344
nova-2-video,20251117T020632Z_nova-2-video_conf80,1.0,119.475,129.495,resisting,127.475,127.955,0.8117676
nova-2-video,20251117T020632Z_nova-2-video_conf80,1.0,119.475,129.495,you're,127.955,128.115,0.99853516
nova-2-video,20251117T020632Z_nova-2-video_conf80,1.0,119.475,129.495,gonna,128.115,128.435,0.99121094
nova-2-video,20251117T020632Z_nova-2-video_conf80,1.0,119.475,129.495,go,128.435,128.515,0.9970703
nova-2-video,20251117T020632Z_nova-2-video_conf80,1.0,119.475,129.495,to,128.515,128.595,0.99609375
nova-2-video,20251117T020632Z_nova-2-video_conf80,1.0,119.475,129.495,jail,128.595,128.835,1.0
nova-2-video,20251117T020632Z_nova-2-video_conf80,1.0,119.475,129.495,for,128.835,128.995,1.0
nova-2-video,20251117T020632Z_nova-2-video_conf80,1.0,119.475,129.495,that,128.995,129.495,1.0
nova-2-video,20251117T020632Z_nova-2-video_conf80,1.0,130.05,134.79001,you,130.05,130.13,0.99121094
nova-2-video,20251117T020632Z_nova-2-video_conf80,1.0,130.05,134.79001,try,130.13,130.45001,0.9951172
nova-2-video,20251117T020632Z_nova-2-video_conf80,1.0,130.05,134.79001,to,130.45001,130.53001,1.0
nova-2-video,20251117T020632Z_nova-2-video_conf80,1.0,130.05,134.79001,run,130.53001,130.85,0.9926758
nova-2-video,20251117T020632Z_nova-2-video_conf80,1.0,130.05,134.79001,you're,130.85,131.01001,1.0
nova-2-video,20251117T020632Z_nova-2-video_conf80,1.0,130.05,134.79001,gonna,131.01001,131.25,0.99609375
nova-2-video,20251117T020632Z_nova-2-video_conf80,1.0,130.05,134.79001,get,131.25,131.41,0.9970703
nova-2-video,20251117T020632Z_nova-2-video_conf80,1.0,130.05,134.79001,tased,131.41,131.73001,0.9217122
nova-2-video,20251117T020632Z_nova-2-video_conf80,1.0,130.05,134.79001,i,131.73001,131.89001,1.0
nova-2-video,20251117T020632Z_nova-2-video_conf80,1.0,130.05,134.79001,promise,131.89001,132.13,0.99902344
nova-2-video,20251117T020632Z_nova-2-video_conf80,1.0,130.05,134.79001,you,132.13,132.29001,0.94970703
nova-2-video,20251117T020632Z_nova-2-video_conf80,1.0,130.05,134.79001,where,132.29001,132.53001,0.67822266
nova-2-video,20251117T020632Z_nova-2-video_conf80,1.0,130.05,134.79001,did,132.53001,132.69,0.23168945
nova-2-video,20251117T020632Z_nova-2-video_conf80,1.0,130.05,134.79001,the,132.69,132.85,0.23620605
nova-2-video,20251117T020632Z_nova-2-video_conf80,1.0,130.05,134.79001,money,132.85,133.17001,0.35913086
nova-2-video,20251117T020632Z_nova-2-video_conf80,1.0,130.05,134.79001,for,133.17001,133.57,0.8066406
nova-2-video,20251117T020632Z_nova-2-video_conf80,1.0,130.05,134.79001,i'm,133.57,133.65001,0.99853516
nova-2-video,20251117T020632Z_nova-2-video_conf80,1.0,130.05,134.79001,letting,133.65001,133.97,0.99902344
nova-2-video,20251117T020632Z_nova-2-video_conf80,1.0,130.05,134.79001,you,133.97,134.05,0.99902344
nova-2-video,20251117T020632Z_nova-2-video_conf80,1.0,130.05,134.79001,know,134.05,134.29001,1.0
nova-2-video,20251117T020632Z_nova-2-video_conf80,1.0,130.05,134.79001,that,134.29001,134.79001,0.9970703
nova-2-video,20251117T020632Z_nova-2-video_conf80,1.0,135.89001,137.03001,throw,135.89001,136.21,0.38720703
nova-2-video,20251117T020632Z_nova-2-video_conf80,1.0,135.89001,137.03001,three,136.21,136.37001,0.3684082
nova-2-video,20251117T020632Z_nova-2-video_conf80,1.0,135.89001,137.03001,one,136.37001,136.53001,0.9892578
nova-2-video,20251117T020632Z_nova-2-video_conf80,1.0,135.89001,137.03001,go,136.53001,137.03001,0.23278809
nova-2-video,20251117T020632Z_nova-2-video_conf80,1.0,141.25,144.23001,ahead,141.25,141.57,0.8852539
nova-2-video,20251117T020632Z_nova-2-video_conf80,1.0,141.25,144.23001,put,141.57,141.73001,0.6821289
nova-2-video,20251117T020632Z_nova-2-video_conf80,1.0,141.25,144.23001,your,141.73001,141.89001,0.9941406
nova-2-video,20251117T020632Z_nova-2-video_conf80,1.0,141.25,144.23001,hands,141.89001,142.13,0.9970703
nova-2-video,20251117T020632Z_nova-2-video_conf80,1.0,141.25,144.23001,on,142.13,142.21,0.99609375
nova-2-video,20251117T020632Z_nova-2-video_conf80,1.0,141.25,144.23001,the,142.21,142.29001,0.8671875
nova-2-video,20251117T020632Z_nova-2-video_conf80,1.0,141.25,144.23001,stairwell,142.29001,142.77,0.61295575
nova-2-video,20251117T020632Z_nova-2-video_conf80,1.0,141.25,144.23001,put,142.77,142.93001,0.9921875
nova-2-video,20251117T020632Z_nova-2-video_conf80,1.0,141.25,144.23001,your,142.93001,143.09001,0.9970703
nova-2-video,20251117T020632Z_nova-2-video_conf80,1.0,141.25,144.23001,foot,143.09001,143.25,0.99609375
nova-2-video,20251117T020632Z_nova-2-video_conf80,1.0,141.25,144.23001,back,143.25,143.49,0.9980469
nova-2-video,20251117T020632Z_nova-2-video_conf80,1.0,141.25,144.23001,in,143.49,143.57,0.7602539
nova-2-video,20251117T020632Z_nova-2-video_conf80,1.0,141.25,144.23001,the,143.57,143.73001,0.9951172
nova-2-video,20251117T020632Z_nova-2-video_conf80,1.0,141.25,144.23001,car,143.73001,144.23001,0.79541016
nova-2-video,20251117T020632Z_nova-2-video_conf80,0.0,150.345,150.845,danny,150.345,150.845,0.7648926
nova-2-video,20251117T020632Z_nova-2-video_conf80,0.0,151.745,152.245,i'm,151.745,152.245,0.508728
nova-2-video,20251117T020632Z_nova-2-video_conf80,0.0,153.145,162.84,gonna,153.145,153.27834,0.5698242
nova-2-video,20251117T020632Z_nova-2-video_conf80,0.0,153.145,162.84,touch,153.545,153.785,0.24975586
nova-2-video,20251117T020632Z_nova-2-video_conf80,0.0,153.145,162.84,me,153.785,154.025,0.90722656
nova-2-video,20251117T020632Z_nova-2-video_conf80,0.0,153.145,162.84,alright,154.025,154.425,0.6705322
nova-2-video,20251117T020632Z_nova-2-video_conf80,0.0,153.145,162.84,get,154.425,154.585,0.7368164
nova-2-video,20251117T020632Z_nova-2-video_conf80,0.0,153.145,162.84,out,154.585,154.745,0.96240234
nova-2-video,20251117T020632Z_nova-2-video_conf80,0.0,153.145,162.84,you,154.745,154.905,0.97998047
nova-2-video,20251117T020632Z_nova-2-video_conf80,0.0,153.145,162.84,don't,154.905,155.065,0.99902344
nova-2-video,20251117T020632Z_nova-2-video_conf80,0.0,153.145,162.84,gotta,155.065,155.30501,0.9760742
nova-2-video,20251117T020632Z_nova-2-video_conf80,0.0,153.145,162.84,touch,155.30501,155.465,0.99609375
nova-2-video,20251117T020632Z_nova-2-video_conf80,0.0,153.145,162.84,me,155.465,155.625,0.99121094
nova-2-video,20251117T020632Z_nova-2-video_conf80,0.0,153.145,162.84,get,155.625,155.785,0.95703125
nova-2-video,20251117T020632Z_nova-2-video_conf80,0.0,153.145,162.84,out,155.785,155.865,0.9941406
nova-2-video,20251117T020632Z_nova-2-video_conf80,0.0,153.145,162.84,of,155.865,156.025,0.9873047
nova-2-video,20251117T020632Z_nova-2-video_conf80,0.0,153.145,162.84,the,156.025,156.105,0.99609375
nova-2-video,20251117T020632Z_nova-2-video_conf80,0.0,153.145,162.84,car,156.105,156.345,0.7988281
nova-2-video,20251117T020632Z_nova-2-video_conf80,0.0,153.145,162.84,you,156.345,156.425,0.7167969
nova-2-video,20251117T020632Z_nova-2-video_conf80,0.0,153.145,162.84,do,156.425,156.66501,0.99121094
nova-2-video,20251117T020632Z_nova-2-video_conf80,0.0,153.145,162.84,not,156.66501,156.825,0.9970703
nova-2-video,20251117T020632Z_nova-2-video_conf80,0.0,153.145,162.84,have,156.825,157.065,0.99316406
nova-2-video,20251117T020632Z_nova-2-video_conf80,0.0,153.145,162.84,the,157.065,157.145,0.5229492
nova-2-video,20251117T020632Z_nova-2-video_conf80,0.0,153.145,162.84,text,157.145,157.465,0.6323242
nova-2-video,20251117T020632Z_nova-2-video_conf80,0.0,153.145,162.84,now,157.465,157.705,0.6940918
nova-2-video,20251117T020632Z_nova-2-video_conf80,0.0,153.145,162.84,getting,157.705,158.025,0.46972656
nova-2-video,20251117T020632Z_nova-2-video_conf80,0.0,153.145,162.84,up,158.025,158.34,0.96069336
nova-2-video,20251117T020632Z_nova-2-video_conf80,0.0,153.145,162.84,i'm,158.58,158.73999,0.43139648
nova-2-video,20251117T020632Z_nova-2-video_conf80,0.0,153.145,162.84,getting,158.73999,158.9,0.85595703
nova-2-video,20251117T020632Z_nova-2-video_conf80,0.0,153.145,162.84,out,158.9,159.06,0.61987305
nova-2-video,20251117T020632Z_nova-2-video_conf80,0.0,153.145,162.84,car,159.22,159.54,0.7241211
nova-2-video,20251117T020632Z_nova-2-video_conf80,0.0,153.145,162.84,you,159.54,159.7,0.984375
nova-2-video,20251117T020632Z_nova-2-video_conf80,0.0,153.145,162.84,don't,159.7,159.86,0.99902344
nova-2-video,20251117T020632Z_nova-2-video_conf80,0.0,153.145,162.84,gotta,159.86,160.09999,0.96533203
nova-2-video,20251117T020632Z_nova-2-video_conf80,0.0,153.145,162.84,touch,160.09999,160.26,0.9970703
nova-2-video,20251117T020632Z_nova-2-video_conf80,0.0,153.145,162.84,me,160.26,160.42,0.9160156
nova-2-video,20251117T020632Z_nova-2-video_conf80,0.0,153.145,162.84,i'm,160.42,160.58,0.9946289
nova-2-video,20251117T020632Z_nova-2-video_conf80,0.0,153.145,162.84,getting,160.58,160.81999,0.9980469
nova-2-video,20251117T020632Z_nova-2-video_conf80,0.0,153.145,162.84,up,160.81999,160.9,0.7980957
nova-2-video,20251117T020632Z_nova-2-video_conf80,0.0,153.145,162.84,turn,160.9,160.98,0.53222656
nova-2-video,20251117T020632Z_nova-2-video_conf80,0.0,153.145,162.84,around,160.98,161.37999,0.96240234
nova-2-video,20251117T020632Z_nova-2-video_conf80,0.0,153.145,162.84,turn,161.37999,161.62,0.50683594
nova-2-video,20251117T020632Z_nova-2-video_conf80,0.0,153.145,162.84,around,161.62,161.86,0.99609375
nova-2-video,20251117T020632Z_nova-2-video_conf80,0.0,153.145,162.84,and,161.86,161.94,0.9838867
nova-2-video,20251117T020632Z_nova-2-video_conf80,0.0,153.145,162.84,face,161.94,162.18,0.9941406
nova-2-video,20251117T020632Z_nova-2-video_conf80,0.0,153.145,162.84,the,162.18,162.34,0.9980469
nova-2-video,20251117T020632Z_nova-2-video_conf80,0.0,153.145,162.84,car,162.34,162.84,0.9916992
nova-2-video,20251117T020632Z_nova-2-video_conf80,1.0,163.14,165.48,turn,163.14,163.45999,0.53271484
nova-2-video,20251117T020632Z_nova-2-video_conf80,1.0,163.14,165.48,around,163.45999,163.7,0.9951172
nova-2-video,20251117T020632Z_nova-2-video_conf80,1.0,163.14,165.48,and,163.7,163.86,0.98828125
nova-2-video,20251117T020632Z_nova-2-video_conf80,1.0,163.14,165.48,face,163.86,164.09999,0.9921875
nova-2-video,20251117T020632Z_nova-2-video_conf80,1.0,163.14,165.48,the,164.09999,164.26,0.99121094
nova-2-video,20251117T020632Z_nova-2-video_conf80,1.0,163.14,165.48,car,164.26,164.76,0.9914551
nova-2-video,20251117T020632Z_nova-2-video_conf80,1.0,163.14,165.48,okay,164.98,165.48,0.50341797
nova-2-video,20251117T020632Z_nova-2-video_conf80,0.0,196.665,202.44499,i,196.665,196.77759,0.1899414
nova-2-video,20251117T020632Z_nova-2-video_conf80,0.0,196.665,202.44499,can't,196.77759,196.89018,0.7310791
nova-2-video,20251117T020632Z_nova-2-video_conf80,0.0,196.665,202.44499,win,196.89018,197.00278,0.73950195
nova-2-video,20251117T020632Z_nova-2-video_conf80,0.0,196.665,202.44499,two,197.00278,197.11537,0.2614746
nova-2-video,20251117T020632Z_nova-2-video_conf80,0.0,196.665,202.44499,why,197.11537,197.22795,0.123535156
nova-2-video,20251117T020632Z_nova-2-video_conf80,0.0,196.665,202.44499,we're,197.22795,197.34055,0.34301758
nova-2-video,20251117T020632Z_nova-2-video_conf80,0.0,196.665,202.44499,not,197.34055,197.45314,0.7060547
nova-2-video,20251117T020632Z_nova-2-video_conf80,0.0,196.665,202.44499,here,197.45314,197.56573,0.70043945
nova-2-video,20251117T020632Z_nova-2-video_conf80,0.0,196.665,202.44499,right,197.56573,197.67833,0.20983887
nova-2-video,20251117T020632Z_nova-2-video_conf80,0.0,196.665,202.44499,here,197.67833,197.79092,0.9584961
nova-2-video,20251117T020632Z_nova-2-video_conf80,0.0,196.665,202.44499,just,197.79092,197.90352,0.44482422
nova-2-video,20251117T020632Z_nova-2-video_conf80,0.0,196.665,202.44499,here,197.90352,198.01611,0.8376465
nova-2-video,20251117T020632Z_nova-2-video_conf80,0.0,196.665,202.44499,not,198.01611,198.12871,0.5683594
nova-2-video,20251117T020632Z_nova-2-video_conf80,0.0,196.665,202.44499,resist,198.12871,198.24129,0.87719727
nova-2-video,20251117T020632Z_nova-2-video_conf80,0.0,196.665,202.44499,we,198.24129,198.35388,0.88183594
nova-2-video,20251117T020632Z_nova-2-video_conf80,0.0,196.665,202.44499,got,198.35388,198.46648,0.8491211
nova-2-video,20251117T020632Z_nova-2-video_conf80,0.0,196.665,202.44499,them,198.46648,198.57907,0.41430664
nova-2-video,20251117T020632Z_nova-2-video_conf80,0.0,196.665,202.44499,okay,198.57907,198.69167,0.6036377
nova-2-video,20251117T020632Z_nova-2-video_conf80,0.0,196.665,202.44499,give,198.69167,198.80426,0.8173828
nova-2-video,20251117T020632Z_nova-2-video_conf80,0.0,196.665,202.44499,me,198.80426,198.91685,0.8964844
nova-2-video,20251117T020632Z_nova-2-video_conf80,0.0,196.665,202.44499,your,198.91685,199.02945,0.89746094
nova-2-video,20251117T020632Z_nova-2-video_conf80,0.0,196.665,202.44499,hands,199.02945,199.14204,0.6873779
nova-2-video,20251117T020632Z_nova-2-video_conf80,0.0,196.665,202.44499,give,199.14204,199.25462,0.34838867
nova-2-video,20251117T020632Z_nova-2-video_conf80,0.0,196.665,202.44499,me,199.25462,199.36722,0.7138672
nova-2-video,20251117T020632Z_nova-2-video_conf80,0.0,196.665,202.44499,your,199.36722,199.47981,0.8798828
nova-2-video,20251117T020632Z_nova-2-video_conf80,0.0,196.665,202.44499,hands,199.47981,199.5924,0.8718262
nova-2-video,20251117T020632Z_nova-2-video_conf80,0.0,196.665,202.44499,i'm,199.5924,199.705,0.7849121
nova-2-video,20251117T020632Z_nova-2-video_conf80,0.0,196.665,202.44499,not,199.705,199.86499,0.97509766
nova-2-video,20251117T020632Z_nova-2-video_conf80,0.0,196.665,202.44499,resisting,199.86499,200.36499,0.9213867
nova-2-video,20251117T020632Z_nova-2-video_conf80,0.0,196.665,202.44499,okay,200.50499,200.825,0.8774414
nova-2-video,20251117T020632Z_nova-2-video_conf80,0.0,196.665,202.44499,give,200.825,200.985,0.7348633
nova-2-video,20251117T020632Z_nova-2-video_conf80,0.0,196.665,202.44499,me,200.985,201.105,0.84472656
nova-2-video,20251117T020632Z_nova-2-video_conf80,0.0,196.665,202.44499,your,201.105,201.225,0.7944336
nova-2-video,20251117T020632Z_nova-2-video_conf80,0.0,196.665,202.44499,hands,201.225,201.345,0.6513672
nova-2-video,20251117T020632Z_nova-2-video_conf80,0.0,196.665,202.44499,put,201.345,201.465,0.5571289
nova-2-video,20251117T020632Z_nova-2-video_conf80,0.0,196.665,202.44499,your,201.465,201.94499,0.85839844
nova-2-video,20251117T020632Z_nova-2-video_conf80,0.0,196.665,202.44499,hands,201.94499,202.44499,0.6221924
nova-2-video,20251117T020632Z_nova-2-video_conf80,1.0,207.065,207.565,your,207.065,207.565,0.1427002
nova-2-video,20251117T020632Z_nova-2-video_conf80,0.0,209.625,211.38,hands,209.625,209.785,0.5883789
nova-2-video,20251117T020632Z_nova-2-video_conf80,0.0,209.625,211.38,now,209.785,210.185,0.767334
nova-2-video,20251117T020632Z_nova-2-video_conf80,0.0,209.625,211.38,that,210.185,210.345,0.68847656
nova-2-video,20251117T020632Z_nova-2-video_conf80,0.0,209.625,211.38,has,210.345,210.50499,0.703125
nova-2-video,20251117T020632Z_nova-2-video_conf80,0.0,209.625,211.38,not,210.50499,210.665,0.42773438
nova-2-video,20251117T020632Z_nova-2-video_conf80,0.0,209.625,211.38,touched,210.665,210.985,0.97802734
nova-2-video,20251117T020632Z_nova-2-video_conf80,0.0,209.625,211.38,me,210.985,211.38,0.99316406
nova-2-video,20251117T020632Z_nova-2-video_conf80,1.0,261.815,262.315,that's,261.815,262.315,0.460083
nova-2-video,20251117T020632Z_nova-2-video_conf80,0.0,265.25,265.75,nope,265.25,265.75,0.6208496
